frame_id,timestamp,points_initial,points_after_filter,points_after_voxel,points_after_ransac,clusters_found,objects_detected,obstacles_detected,time_create_pointcloud_ms,time_voxel_downsample_ms,time_ransac_ms,time_dbscan_ms,time_analyze_clusters_ms,time_collision_check_ms,time_total_ms,cpu_percent_avg,cpu_percent_per_core,ram_percent,ram_used_mb,threads_count,fps
1,2026-03-04 18:13:18.067,30000,30000,24918,15677,2,1,1,3.0698000000000114,13.389899999999955,12.54579999999983,109.17090000000007,4.15320000000019,0.00010000000028043132,142.35409999999993,29.181250000000002,"[33.35, 27.8, 27.8, 16.65, 33.35, 27.8, 27.8, 38.9]",71.3,11462.12109375,1,2.2368457254213725
2,2026-03-04 18:13:18.274,30000,30000,24418,15263,1,0,0,6.366899999999731,8.250700000000055,11.922499999999836,133.6474000000001,2.3948000000002523,0.00030000000039720476,162.61860000000007,32.087500000000006,"[27.25, 31.8, 36.35, 25.0, 36.35, 27.25, 36.35, 36.35]",71.3,11461.095703125,1,4.4496376660048576
3,2026-03-04 18:13:18.502,30000,30000,25059,15681,1,0,0,4.482700000000062,13.873100000000083,12.478600000000117,107.35420000000006,2.730199999999794,0.00019999999967268423,140.94150000000027,33.7125,"[36.35, 22.2, 27.8, 22.2, 27.8, 44.45, 38.9, 50.0]",71.3,11458.53515625,1,4.862129457114067
4,2026-03-04 18:13:18.699,30000,30000,22341,13150,2,0,0,2.5722000000003575,12.492100000000228,7.114400000000298,100.60499999999983,3.3834000000001474,0.001000000000139778,126.2013999999998,37.5875,"[31.25, 31.25, 43.75, 37.5, 44.45, 37.5, 37.5, 37.5]",71.3,11460.83203125,1,5.407834546220499
5,2026-03-04 18:13:18.887,30000,30000,24870,15737,2,1,1,2.972600000000103,14.276399999999967,12.231799999999904,116.43880000000007,2.8490000000003235,0.00029999999995311555,148.79029999999995,32.993750000000006,"[27.8, 35.0, 33.35, 20.0, 35.0, 44.45, 33.35, 35.0]",71.4,11475.416015625,1,4.79403851722306
6,2026-03-04 18:13:19.086,30000,30000,25107,15839,2,1,0,3.072899999999823,12.432299999999952,12.685199999999952,106.64870000000005,4.566300000000023,0.0008999999998593466,139.43740000000025,24.737499999999997,"[16.65, 25.0, 25.0, 27.8, 27.8, 31.25, 22.2, 22.2]",71.4,11478.103515625,1,5.224799615872728
7,2026-03-04 18:13:19.288,30000,30000,23723,14537,1,0,0,3.2937999999997913,12.149799999999988,12.271900000000002,105.12049999999995,2.0514000000000365,0.00020000000011677344,134.90709999999996,27.44375,"[27.8, 12.5, 27.8, 27.8, 33.35, 25.0, 37.5, 27.8]",71.4,11477.029296875,1,5.126175688394132
8,2026-03-04 18:13:19.485,30000,30000,23976,14536,1,0,0,2.3071000000003394,12.801999999999758,11.444899999999869,115.33939999999987,2.2166999999999604,0.00020000000011677344,144.13549999999998,29.8625,"[16.65, 44.45, 38.9, 16.65, 27.8, 38.9, 16.65, 38.9]",71.4,11476.705078125,1,4.798107626352165
9,2026-03-04 18:13:19.686,30000,30000,24672,15458,2,0,0,2.3533000000002247,13.955600000000068,11.67750000000023,117.63389999999995,1.8369000000002522,0.00020000000011677344,147.47909999999996,35.31875,"[36.35, 27.8, 38.9, 33.35, 35.0, 38.9, 27.8, 44.45]",71.4,11476.66015625,1,4.889243956650008
10,2026-03-04 18:13:19.886,30000,30000,24072,14738,1,0,0,3.3416000000001667,11.311099999999907,12.397700000000178,104.77649999999983,2.376099999999326,0.00029999999995311555,134.22829999999973,38.45625,"[44.45, 37.5, 31.25, 44.45, 43.75, 31.25, 37.5, 37.5]",71.4,11476.8046875,1,5.335177170563482
