scenario_id,run,contour,obstacle,start_distance_m,robot_ctrl_speed,lighting,occlusion,danger_expected,n_stop_events,n_danger_frames,contact,path
S01_baseline_empty,1,3D,none,,30,normal,False,False,0,0,,C:\Users\user\Desktop\python projects\cloud_point_3d\captures\scenarios\S01_baseline_empty\run_01_3d
S01_baseline_empty,2,3D,none,,30,normal,False,False,0,0,,C:\Users\user\Desktop\python projects\cloud_point_3d\captures\scenarios\S01_baseline_empty\run_02_3d
S01_baseline_empty,3,3D,none,,30,normal,False,False,0,0,,C:\Users\user\Desktop\python projects\cloud_point_3d\captures\scenarios\S01_baseline_empty\run_03_3d
S02_cube_far,1,3D,cube,0.25,30,normal,False,False,0,0,,C:\Users\user\Desktop\python projects\cloud_point_3d\captures\scenarios\S02_cube_far\run_01_3d
S02_cube_far,2,3D,cube,0.25,30,normal,False,False,0,0,,C:\Users\user\Desktop\python projects\cloud_point_3d\captures\scenarios\S02_cube_far\run_02_3d
S02_cube_far,3,3D,cube,0.25,30,normal,False,False,0,0,,C:\Users\user\Desktop\python projects\cloud_point_3d\captures\scenarios\S02_cube_far\run_03_3d
S03_cube_near,1,3D,cube,0.1,30,normal,False,False,0,0,,C:\Users\user\Desktop\python projects\cloud_point_3d\captures\scenarios\S03_cube_near\run_01_3d
S03_cube_near,2,3D,cube,0.1,30,normal,False,False,0,0,,C:\Users\user\Desktop\python projects\cloud_point_3d\captures\scenarios\S03_cube_near\run_02_3d
S03_cube_near,3,3D,cube,0.1,30,normal,False,False,0,3,,C:\Users\user\Desktop\python projects\cloud_point_3d\captures\scenarios\S03_cube_near\run_03_3d
S04_cube_on_path,1,3D,cube,0.03,30,normal,False,True,1,12,0,C:\Users\user\Desktop\python projects\cloud_point_3d\captures\scenarios\S04_cube_on_path\run_01_3d
S04_cube_on_path,2,3D,cube,0.03,30,normal,False,True,1,6,0,C:\Users\user\Desktop\python projects\cloud_point_3d\captures\scenarios\S04_cube_on_path\run_02_3d
S04_cube_on_path,3,3D,cube,0.03,30,normal,False,True,1,4,0,C:\Users\user\Desktop\python projects\cloud_point_3d\captures\scenarios\S04_cube_on_path\run_03_3d
S05_cube_on_path_fast,1,3D,cube,0.03,50,normal,False,True,2,28,0,C:\Users\user\Desktop\python projects\cloud_point_3d\captures\scenarios\S05_cube_on_path_fast\run_01_3d
S05_cube_on_path_fast,2,3D,cube,0.03,50,normal,False,True,0,2,0,C:\Users\user\Desktop\python projects\cloud_point_3d\captures\scenarios\S05_cube_on_path_fast\run_02_3d
S05_cube_on_path_fast,3,3D,cube,0.03,50,normal,False,True,2,8,0,C:\Users\user\Desktop\python projects\cloud_point_3d\captures\scenarios\S05_cube_on_path_fast\run_03_3d
S06_cube_occluded,1,3D,cube,0.05,30,normal,True,True,3,134,0,C:\Users\user\Desktop\python projects\cloud_point_3d\captures\scenarios\S06_cube_occluded\run_01_3d
S06_cube_occluded,2,3D,cube,0.05,30,normal,True,True,2,119,0,C:\Users\user\Desktop\python projects\cloud_point_3d\captures\scenarios\S06_cube_occluded\run_02_3d
S06_cube_occluded,3,3D,cube,0.05,30,normal,True,True,4,136,0,C:\Users\user\Desktop\python projects\cloud_point_3d\captures\scenarios\S06_cube_occluded\run_03_3d
S07_box_dim_light,1,3D,box,0.05,30,dim,False,True,1,103,0,C:\Users\user\Desktop\python projects\cloud_point_3d\captures\scenarios\S07_box_dim_light\run_01_3d
S07_box_dim_light,2,3D,box,0.05,30,dim,False,True,1,133,0,C:\Users\user\Desktop\python projects\cloud_point_3d\captures\scenarios\S07_box_dim_light\run_02_3d
S07_box_dim_light,3,3D,box,0.05,30,dim,False,True,1,172,0,C:\Users\user\Desktop\python projects\cloud_point_3d\captures\scenarios\S07_box_dim_light\run_03_3d
S08_dynamic_intrusion,1,3D,cube,,30,normal,False,True,1,149,0,C:\Users\user\Desktop\python projects\cloud_point_3d\captures\scenarios\S08_dynamic_intrusion\run_01_3d
S08_dynamic_intrusion,2,3D,cube,,30,normal,False,True,1,95,0,C:\Users\user\Desktop\python projects\cloud_point_3d\captures\scenarios\S08_dynamic_intrusion\run_02_3d
S08_dynamic_intrusion,3,3D,cube,,30,normal,False,True,1,96,,C:\Users\user\Desktop\python projects\cloud_point_3d\captures\scenarios\S08_dynamic_intrusion\run_03_3d
S08b_intrusion_tower,1,3D,cube_tower,,30,normal,False,True,1,134,0,C:\Users\user\Desktop\python projects\cloud_point_3d\captures\scenarios\S08b_intrusion_tower\run_01_3d
S08b_intrusion_tower,2,3D,cube_tower,,30,normal,False,True,1,149,1,C:\Users\user\Desktop\python projects\cloud_point_3d\captures\scenarios\S08b_intrusion_tower\run_02_3d
S08b_intrusion_tower,3,3D,cube_tower,,30,normal,False,True,1,149,0,C:\Users\user\Desktop\python projects\cloud_point_3d\captures\scenarios\S08b_intrusion_tower\run_03_3d
S11_resume_after_clear,1,3D,cube_tower,,30,normal,False,True,1,53,,C:\Users\user\Desktop\python projects\cloud_point_3d\captures\scenarios\S11_resume_after_clear\run_01_3d
S11_resume_after_clear,2,3D,cube_tower,,30,normal,False,True,1,48,,C:\Users\user\Desktop\python projects\cloud_point_3d\captures\scenarios\S11_resume_after_clear\run_02_3d
S11_resume_after_clear,3,3D,cube_tower,,30,normal,False,True,1,42,,C:\Users\user\Desktop\python projects\cloud_point_3d\captures\scenarios\S11_resume_after_clear\run_03_3d
S04_cube_on_path,4,3D,cube,0.03,30,normal,False,True,1,137,0,C:\Users\user\Desktop\python projects\cloud_point_3d\captures\scenarios\S04_cube_on_path\run_04_3d
S04_cube_on_path,5,3D,cube,0.03,30,normal,False,True,1,109,0,C:\Users\user\Desktop\python projects\cloud_point_3d\captures\scenarios\S04_cube_on_path\run_05_3d
S04_cube_on_path,6,3D,cube,0.03,30,normal,False,True,1,114,0,C:\Users\user\Desktop\python projects\cloud_point_3d\captures\scenarios\S04_cube_on_path\run_06_3d
S04_cube_on_path,8,3D,cube,0.03,30,normal,False,True,1,177,0,C:\Users\user\Desktop\python projects\cloud_point_3d\captures\scenarios\S04_cube_on_path\run_08_3d
S04_cube_on_path,9,3D,cube,0.03,30,normal,False,True,1,174,0,C:\Users\user\Desktop\python projects\cloud_point_3d\captures\scenarios\S04_cube_on_path\run_09_3d
S05_cube_on_path_fast,4,3D,cube,0.03,50,normal,False,True,1,25,1,C:\Users\user\Desktop\python projects\cloud_point_3d\captures\scenarios\S05_cube_on_path_fast\run_04_3d
S05_cube_on_path_fast,5,3D,cube,0.03,50,normal,False,True,1,179,1,C:\Users\user\Desktop\python projects\cloud_point_3d\captures\scenarios\S05_cube_on_path_fast\run_05_3d
S05_cube_on_path_fast,6,3D,cube,0.03,50,normal,False,True,0,0,0,C:\Users\user\Desktop\python projects\cloud_point_3d\captures\scenarios\S05_cube_on_path_fast\run_06_3d
S09_speed_70,1,3D,cube,0.03,70,normal,False,True,1,180,1,C:\Users\user\Desktop\python projects\cloud_point_3d\captures\scenarios\S09_speed_70\run_01_3d
S09_speed_70,2,3D,cube,0.03,70,normal,False,True,1,53,1,C:\Users\user\Desktop\python projects\cloud_point_3d\captures\scenarios\S09_speed_70\run_02_3d
S10_speed_100,1,3D,cube,0.03,100,normal,False,True,0,0,,C:\Users\user\Desktop\python projects\cloud_point_3d\captures\scenarios\S10_speed_100\run_01_3d
