scenario_id,frame,obj_id,area_px,height_m,dist_m,level,reject_reason
S04_cube_on_path,1,,15,,,,area
S04_cube_on_path,1,,95,,,,area
S04_cube_on_path,1,,7482,0.2258,,,not_confirmed
S04_cube_on_path,1,,1978,0.0679,,,not_confirmed
S04_cube_on_path,3,,14,,,,area
S04_cube_on_path,4,,21,,,,area
S04_cube_on_path,5,,16,,,,area
S04_cube_on_path,6,,37,,,,area
S04_cube_on_path,7,,94,,,,area
S04_cube_on_path,8,,891,0.0715,,,not_confirmed
S04_cube_on_path,9,,858,0.0791,,,not_confirmed
S04_cube_on_path,10,,1680,0.0675,,,not_confirmed
S04_cube_on_path,11,,1551,0.0650,,,not_confirmed
S04_cube_on_path,12,,2070,0.0644,,,not_confirmed
S04_cube_on_path,13,,1927,0.0680,,,not_confirmed
S04_cube_on_path,14,,2116,0.0649,,,not_confirmed
S04_cube_on_path,15,,36,,,,area
S04_cube_on_path,15,0,2024,0.0651,0.1889,SAFE,
S04_cube_on_path,16,,26,,,,area
S04_cube_on_path,16,0,2256,0.0642,0.2138,SAFE,
S04_cube_on_path,17,,8,,,,area
S04_cube_on_path,17,0,2352,0.0635,0.2073,SAFE,
S04_cube_on_path,18,0,2115,0.0651,0.2363,SAFE,
S04_cube_on_path,19,0,2070,0.0634,0.2310,SAFE,
S04_cube_on_path,20,0,2304,0.0646,0.2499,SAFE,
S04_cube_on_path,21,0,2256,0.0635,0.2501,SAFE,
S04_cube_on_path,22,0,2160,0.0619,0.2685,SAFE,
S04_cube_on_path,23,0,2208,0.0649,0.2692,SAFE,
S04_cube_on_path,24,0,2256,0.0648,0.2749,SAFE,
S04_cube_on_path,25,0,2116,0.0639,0.2751,SAFE,
S04_cube_on_path,26,0,2115,0.0650,0.2749,SAFE,
S04_cube_on_path,27,0,1935,0.0612,0.2769,SAFE,
S04_cube_on_path,28,0,1935,0.0606,0.2751,SAFE,
S04_cube_on_path,29,0,2070,0.0612,0.2704,SAFE,
S04_cube_on_path,30,0,2070,0.0632,0.2662,SAFE,
S04_cube_on_path,31,0,2256,0.0679,0.2599,SAFE,
S04_cube_on_path,32,0,2162,0.0619,0.2428,SAFE,
S04_cube_on_path,33,0,2070,0.0624,0.2356,SAFE,
S04_cube_on_path,34,0,2162,0.0609,0.2164,SAFE,
S04_cube_on_path,35,0,2162,0.0590,0.2177,SAFE,
S04_cube_on_path,36,,11,,,,area
S04_cube_on_path,36,0,2024,0.0592,0.2130,SAFE,
S04_cube_on_path,37,0,2021,0.0591,0.2020,SAFE,
S04_cube_on_path,38,0,1935,0.0623,0.1948,SAFE,
S04_cube_on_path,39,,23,,,,area
S04_cube_on_path,39,0,1935,0.0646,0.1853,SAFE,
S04_cube_on_path,40,,54,,,,area
S04_cube_on_path,40,0,697,0.0659,0.1908,SAFE,
S04_cube_on_path,41,,27,,,,area
S04_cube_on_path,41,0,760,0.0656,0.1748,SAFE,
S04_cube_on_path,42,,28,,,,area
S04_cube_on_path,42,0,720,0.0651,0.1783,SAFE,
S04_cube_on_path,43,0,756,0.0639,0.1691,SAFE,
S04_cube_on_path,44,0,656,0.0636,0.1794,SAFE,
S04_cube_on_path,45,,31,,,,area
S04_cube_on_path,45,0,592,0.0624,0.1786,SAFE,
S04_cube_on_path,46,,43,,,,area
S04_cube_on_path,46,0,738,0.0606,0.1783,SAFE,
S04_cube_on_path,47,0,779,0.0653,0.1780,SAFE,
S04_cube_on_path,48,,91,,,,area
S04_cube_on_path,48,0,880,0.0609,0.1704,SAFE,
S04_cube_on_path,49,0,779,0.0625,0.1809,SAFE,
S04_cube_on_path,50,0,720,0.0621,0.1498,SAFE,
S04_cube_on_path,51,0,665,0.0648,0.1508,SAFE,
S04_cube_on_path,52,0,667,0.0673,0.1404,SAFE,
S04_cube_on_path,53,0,621,0.0726,0.1250,SAFE,
S04_cube_on_path,54,,126,,,,area
S04_cube_on_path,54,0,621,0.0726,0.1198,WARN,
S04_cube_on_path,55,,109,,,,area
S04_cube_on_path,55,0,621,0.0726,0.1137,WARN,
S04_cube_on_path,56,,31,,,,area
S04_cube_on_path,56,0,621,0.0726,0.1214,SAFE,
S04_cube_on_path,57,,15,,,,area
S04_cube_on_path,57,0,621,0.0726,0.1120,WARN,
S04_cube_on_path,58,,16,,,,area
S04_cube_on_path,58,0,621,0.0726,0.1106,WARN,
S04_cube_on_path,59,,11,,,,area
S04_cube_on_path,59,0,621,0.0726,0.1140,WARN,
S04_cube_on_path,60,,27,,,,area
S04_cube_on_path,60,0,621,0.0726,0.1139,WARN,
S04_cube_on_path,61,,21,,,,area
S04_cube_on_path,61,0,621,0.0726,0.1099,WARN,
S04_cube_on_path,62,0,621,0.0726,0.1118,WARN,
S04_cube_on_path,63,0,621,0.0726,0.1135,WARN,
S04_cube_on_path,64,0,621,0.0726,0.0302,DANGER,
S04_cube_on_path,65,0,621,0.0726,0.0572,DANGER,
S04_cube_on_path,66,0,621,0.0726,0.1109,WARN,
S04_cube_on_path,67,0,621,0.0726,0.0743,DANGER,
S04_cube_on_path,68,0,621,0.0726,0.0563,DANGER,
S04_cube_on_path,69,0,621,0.0726,0.0916,WARN,
S04_cube_on_path,70,0,621,0.0726,0.0950,WARN,
S04_cube_on_path,71,0,621,0.0726,0.1002,WARN,
S04_cube_on_path,72,0,621,0.0726,0.0951,WARN,
S04_cube_on_path,73,0,621,0.0726,0.0987,WARN,
S04_cube_on_path,74,,185,,,,area
S04_cube_on_path,74,0,621,0.0726,0.1158,WARN,
S04_cube_on_path,75,,215,,,,area
S04_cube_on_path,75,0,621,0.0726,0.1162,WARN,
S04_cube_on_path,76,,986,0.0713,,,not_confirmed
S04_cube_on_path,76,0,621,0.0726,0.1510,SAFE,
S04_cube_on_path,77,,1044,0.0731,,,not_confirmed
S04_cube_on_path,77,0,621,0.0726,0.1108,WARN,
S04_cube_on_path,78,,1280,0.0696,,,not_confirmed
S04_cube_on_path,78,0,621,0.0726,0.1482,SAFE,
S04_cube_on_path,79,,1400,0.0707,,,not_confirmed
S04_cube_on_path,79,0,621,0.0726,0.1446,SAFE,
S04_cube_on_path,80,,1292,0.0765,,,not_confirmed
S04_cube_on_path,80,0,621,0.0726,0.1471,SAFE,
S04_cube_on_path,81,,1216,0.0754,,,not_confirmed
S04_cube_on_path,81,0,621,0.0726,0.1475,SAFE,
S04_cube_on_path,82,,1520,0.0727,,,not_confirmed
S04_cube_on_path,82,0,621,0.0726,0.1209,SAFE,
S04_cube_on_path,83,0,1558,0.0778,0.1524,SAFE,
S04_cube_on_path,84,0,2021,0.0701,0.1571,SAFE,
S04_cube_on_path,85,0,1978,0.0735,0.1600,SAFE,
S04_cube_on_path,86,0,1978,0.0735,0.1571,SAFE,
S04_cube_on_path,87,0,1978,0.0735,0.1658,SAFE,
S04_cube_on_path,88,0,1978,0.0735,0.1657,SAFE,
S04_cube_on_path,89,0,1978,0.0735,0.1349,SAFE,
S04_cube_on_path,90,0,1978,0.0735,0.1670,SAFE,
S04_cube_on_path,91,0,1978,0.0735,0.1670,SAFE,
S04_cube_on_path,92,0,1978,0.0735,0.1680,SAFE,
S04_cube_on_path,93,0,1978,0.0735,0.1680,SAFE,
S04_cube_on_path,94,0,2346,0.0711,0.1647,SAFE,
S04_cube_on_path,95,0,2332,0.0721,0.1647,SAFE,
S04_cube_on_path,96,0,2346,0.0726,0.1644,SAFE,
S04_cube_on_path,97,0,2496,0.0726,0.1675,SAFE,
S04_cube_on_path,98,0,2392,0.0728,0.1639,SAFE,
S04_cube_on_path,99,0,2350,0.0700,0.1655,SAFE,
S04_cube_on_path,100,0,2444,0.0756,0.1589,SAFE,
S04_cube_on_path,101,0,2392,0.0727,0.1439,SAFE,
S04_cube_on_path,102,0,2156,0.0696,0.1620,SAFE,
S04_cube_on_path,103,0,2115,0.0711,0.1704,SAFE,
S04_cube_on_path,104,0,2350,0.0718,0.1751,SAFE,
S04_cube_on_path,105,0,2205,0.0764,0.1684,SAFE,
S04_cube_on_path,106,0,2300,0.0716,0.1833,SAFE,
S04_cube_on_path,107,0,2256,0.0678,0.1833,SAFE,
S04_cube_on_path,108,0,2448,0.0737,0.1894,SAFE,
S04_cube_on_path,109,0,2450,0.0665,0.1954,SAFE,
S04_cube_on_path,110,0,2256,0.0656,0.1949,SAFE,
S04_cube_on_path,111,0,2304,0.0640,0.2064,SAFE,
S04_cube_on_path,112,0,2070,0.0620,0.2128,SAFE,
S04_cube_on_path,113,0,2021,0.0627,0.2110,SAFE,
S04_cube_on_path,114,0,2208,0.0643,0.2112,SAFE,
S04_cube_on_path,115,0,2070,0.0612,0.2090,SAFE,
S04_cube_on_path,116,0,2024,0.0661,0.2044,SAFE,
S04_cube_on_path,117,0,2068,0.0681,0.2003,SAFE,
S04_cube_on_path,118,0,2256,0.0647,0.2117,SAFE,
S04_cube_on_path,119,0,2070,0.0633,0.2120,SAFE,
S04_cube_on_path,120,0,2162,0.0707,0.2067,SAFE,
S04_cube_on_path,121,0,2208,0.0648,0.2087,SAFE,
S04_cube_on_path,122,0,2209,0.0679,0.2171,SAFE,
S04_cube_on_path,123,0,2254,0.0639,0.2204,SAFE,
S04_cube_on_path,124,0,2162,0.0662,0.2256,SAFE,
S04_cube_on_path,125,0,2209,0.0687,0.2220,SAFE,
S04_cube_on_path,126,0,1980,0.0653,0.2469,SAFE,
S04_cube_on_path,127,0,1978,0.0633,0.2436,SAFE,
S04_cube_on_path,128,0,2021,0.0653,0.2565,SAFE,
S04_cube_on_path,129,0,2070,0.0669,0.2493,SAFE,
S04_cube_on_path,130,0,2162,0.0636,0.2654,SAFE,
S04_cube_on_path,131,0,2162,0.0679,0.2604,SAFE,
S04_cube_on_path,132,0,1980,0.0640,0.2722,SAFE,
S04_cube_on_path,133,0,2162,0.0641,0.2673,SAFE,
S04_cube_on_path,134,0,2208,0.0665,0.2697,SAFE,
S04_cube_on_path,135,0,2209,0.0665,0.2702,SAFE,
S04_cube_on_path,136,0,2304,0.0679,0.2698,SAFE,
S04_cube_on_path,137,0,2160,0.0640,0.2744,SAFE,
S04_cube_on_path,138,0,2116,0.0669,0.2704,SAFE,
S04_cube_on_path,139,0,2162,0.0665,0.2715,SAFE,
S04_cube_on_path,140,0,2256,0.0651,0.2659,SAFE,
S04_cube_on_path,141,0,2162,0.0650,0.2670,SAFE,
S04_cube_on_path,142,0,2070,0.0640,0.2646,SAFE,
S04_cube_on_path,143,0,2162,0.0649,0.2664,SAFE,
S04_cube_on_path,144,0,2162,0.0620,0.2611,SAFE,
S04_cube_on_path,145,0,2070,0.0642,0.2561,SAFE,
S04_cube_on_path,146,0,2068,0.0678,0.2459,SAFE,
S04_cube_on_path,147,0,2115,0.0620,0.2513,SAFE,
S04_cube_on_path,148,0,2256,0.0598,0.2433,SAFE,
S04_cube_on_path,149,0,1980,0.0609,0.2461,SAFE,
S04_cube_on_path,150,,73,,,,area
S04_cube_on_path,150,0,2024,0.0602,0.2334,SAFE,
S04_cube_on_path,151,0,2115,0.0682,0.2214,SAFE,
S04_cube_on_path,152,0,2256,0.0659,0.2105,SAFE,
S04_cube_on_path,153,0,2162,0.0648,0.2171,SAFE,
S04_cube_on_path,154,0,2068,0.0689,0.2013,SAFE,
S04_cube_on_path,155,0,2162,0.0659,0.1940,SAFE,
S04_cube_on_path,156,0,2116,0.0649,0.2084,SAFE,
S04_cube_on_path,157,0,2256,0.0728,0.1995,SAFE,
S04_cube_on_path,158,0,2209,0.0720,0.2010,SAFE,
S04_cube_on_path,159,0,2116,0.0664,0.2020,SAFE,
S04_cube_on_path,160,0,2115,0.0654,0.2037,SAFE,
S04_cube_on_path,161,0,2304,0.0696,0.1994,SAFE,
S04_cube_on_path,162,0,2256,0.0660,0.1986,SAFE,
S04_cube_on_path,163,0,2400,0.0679,0.2003,SAFE,
S04_cube_on_path,164,0,2303,0.0656,0.1970,SAFE,
