frame,t_wall,scenario_id,collision_level,min_dist_m,focus_part,n_objects,fps
1,1790787699.793154,S05_cube_on_path_fast,SAFE,,,0,5.51
2,1790787700.017984,S05_cube_on_path_fast,SAFE,,,0,5.50
3,1790787700.150349,S05_cube_on_path_fast,SAFE,,,0,8.15
4,1790787700.273517,S05_cube_on_path_fast,SAFE,,,0,8.64
5,1790787700.398095,S05_cube_on_path_fast,SAFE,,,0,8.60
6,1790787700.535799,S05_cube_on_path_fast,SAFE,,,0,7.73
7,1790787700.655650,S05_cube_on_path_fast,SAFE,,,0,8.89
8,1790787700.796397,S05_cube_on_path_fast,SAFE,,,0,7.59
9,1790787700.936574,S05_cube_on_path_fast,SAFE,,,0,7.56
10,1790787701.074166,S05_cube_on_path_fast,SAFE,,,0,7.70
11,1790787701.208064,S05_cube_on_path_fast,SAFE,,,0,7.87
12,1790787701.368483,S05_cube_on_path_fast,SAFE,,,0,6.40
13,1790787701.506649,S05_cube_on_path_fast,SAFE,,,0,7.85
14,1790787701.688134,S05_cube_on_path_fast,SAFE,0.2398,arm,1,5.73
15,1790787701.840352,S05_cube_on_path_fast,SAFE,0.2519,arm,1,6.93
16,1790787701.982236,S05_cube_on_path_fast,SAFE,0.2726,arm,1,7.48
17,1790787702.120027,S05_cube_on_path_fast,SAFE,0.2680,arm,1,7.64
18,1790787702.267625,S05_cube_on_path_fast,SAFE,0.2759,arm,1,7.15
19,1790787702.408291,S05_cube_on_path_fast,SAFE,0.2726,arm,1,7.50
20,1790787702.547767,S05_cube_on_path_fast,SAFE,0.2715,arm,1,7.54
21,1790787702.683320,S05_cube_on_path_fast,SAFE,0.2736,arm,1,7.80
22,1790787702.817609,S05_cube_on_path_fast,SAFE,0.2658,arm,1,7.67
23,1790787702.962340,S05_cube_on_path_fast,SAFE,0.2696,arm,1,7.52
24,1790787703.166510,S05_cube_on_path_fast,SAFE,0.2366,arm,1,5.14
25,1790787703.302144,S05_cube_on_path_fast,SAFE,0.2384,arm,1,7.62
26,1790787703.450270,S05_cube_on_path_fast,SAFE,0.2125,arm,1,7.37
27,1790787703.573529,S05_cube_on_path_fast,SAFE,0.2134,arm,1,8.49
28,1790787703.706344,S05_cube_on_path_fast,SAFE,0.2009,arm,1,7.98
29,1790787703.828893,S05_cube_on_path_fast,SAFE,0.1886,arm,1,8.55
30,1790787703.962738,S05_cube_on_path_fast,SAFE,0.1797,arm,1,8.24
31,1790787704.096568,S05_cube_on_path_fast,SAFE,0.1745,arm,1,7.89
32,1790787704.255343,S05_cube_on_path_fast,SAFE,0.1667,arm,1,6.66
33,1790787704.398878,S05_cube_on_path_fast,SAFE,0.1772,arm,1,7.32
34,1790787704.546166,S05_cube_on_path_fast,SAFE,0.1796,arm,1,7.34
35,1790787704.712416,S05_cube_on_path_fast,SAFE,0.1812,arm,1,6.26
36,1790787704.912896,S05_cube_on_path_fast,SAFE,0.1580,arm,1,5.29
37,1790787705.077482,S05_cube_on_path_fast,SAFE,0.1486,arm,1,6.39
38,1790787705.262402,S05_cube_on_path_fast,SAFE,0.1241,arm,1,5.67
39,1790787705.417876,S05_cube_on_path_fast,WARN,0.1187,arm,1,6.77
40,1790787705.574050,S05_cube_on_path_fast,WARN,0.1144,arm,1,6.94
41,1790787705.723869,S05_cube_on_path_fast,WARN,0.1077,arm,1,7.11
42,1790787705.876373,S05_cube_on_path_fast,WARN,0.1118,arm,1,6.93
43,1790787706.019291,S05_cube_on_path_fast,WARN,0.1093,arm,1,7.38
44,1790787706.167471,S05_cube_on_path_fast,WARN,0.1096,arm,1,7.04
45,1790787706.316697,S05_cube_on_path_fast,WARN,0.1090,arm,1,7.26
46,1790787706.476120,S05_cube_on_path_fast,DANGER,0.0429,arm,1,6.59
47,1790787706.635638,S05_cube_on_path_fast,DANGER,0.0462,arm,1,6.59
48,1790787706.810456,S05_cube_on_path_fast,DANGER,0.0812,arm,1,6.08
49,1790787706.996472,S05_cube_on_path_fast,DANGER,0.0248,arm,1,5.71
50,1790787707.186570,S05_cube_on_path_fast,DANGER,0.0953,arm,1,5.59
51,1790787707.363328,S05_cube_on_path_fast,DANGER,0.0985,arm,1,5.95
52,1790787707.620464,S05_cube_on_path_fast,WARN,0.1035,arm,1,4.04
53,1790787707.760195,S05_cube_on_path_fast,WARN,0.0986,arm,1,7.62
54,1790787707.931343,S05_cube_on_path_fast,WARN,0.1017,arm,1,6.10
55,1790787708.083811,S05_cube_on_path_fast,WARN,0.1124,arm,1,7.00
56,1790787708.294870,S05_cube_on_path_fast,SAFE,0.1406,arm,1,4.94
57,1790787708.461744,S05_cube_on_path_fast,WARN,0.1160,arm,1,6.22
58,1790787708.649077,S05_cube_on_path_fast,SAFE,0.1421,arm,1,5.67
59,1790787708.828984,S05_cube_on_path_fast,SAFE,0.1409,arm,1,5.89
60,1790787709.189241,S05_cube_on_path_fast,SAFE,0.1421,arm,1,2.85
61,1790787709.333784,S05_cube_on_path_fast,SAFE,0.1336,arm,1,7.38
62,1790787709.521317,S05_cube_on_path_fast,SAFE,0.1671,gripper,1,5.56
63,1790787709.651166,S05_cube_on_path_fast,SAFE,0.1671,gripper,1,8.24
64,1790787709.926776,S05_cube_on_path_fast,SAFE,0.1640,gripper,1,3.74
65,1790787710.096253,S05_cube_on_path_fast,SAFE,0.1421,arm,1,6.14
66,1790787710.327964,S05_cube_on_path_fast,SAFE,0.1646,gripper,1,4.54
67,1790787710.500721,S05_cube_on_path_fast,SAFE,0.1669,gripper,1,6.10
68,1790787710.685299,S05_cube_on_path_fast,SAFE,0.1674,gripper,1,5.70
69,1790787710.850806,S05_cube_on_path_fast,SAFE,0.1684,gripper,1,6.35
70,1790787711.028556,S05_cube_on_path_fast,SAFE,0.1675,gripper,1,5.91
71,1790787711.183794,S05_cube_on_path_fast,SAFE,0.1655,gripper,1,6.78
72,1790787711.359429,S05_cube_on_path_fast,SAFE,0.1814,gripper,1,5.99
73,1790787711.514552,S05_cube_on_path_fast,SAFE,0.1778,gripper,1,6.78
74,1790787711.741334,S05_cube_on_path_fast,SAFE,0.1852,gripper,1,4.59
75,1790787711.930457,S05_cube_on_path_fast,SAFE,0.1891,gripper,1,5.66
76,1790787712.143739,S05_cube_on_path_fast,SAFE,0.2073,gripper,1,4.96
77,1790787712.350898,S05_cube_on_path_fast,SAFE,0.2042,gripper,1,5.07
78,1790787712.558008,S05_cube_on_path_fast,SAFE,0.2071,gripper,1,5.10
79,1790787712.729463,S05_cube_on_path_fast,SAFE,0.2072,gripper,1,6.12
80,1790787712.918252,S05_cube_on_path_fast,SAFE,0.2003,gripper,1,5.51
81,1790787713.088141,S05_cube_on_path_fast,SAFE,0.2142,gripper,1,6.26
82,1790787713.277392,S05_cube_on_path_fast,SAFE,0.2177,gripper,1,5.54
83,1790787713.439173,S05_cube_on_path_fast,SAFE,0.2182,gripper,1,6.56
84,1790787713.674776,S05_cube_on_path_fast,SAFE,0.2330,gripper,1,4.44
85,1790787713.839563,S05_cube_on_path_fast,SAFE,0.2329,gripper,1,6.36
86,1790787714.031036,S05_cube_on_path_fast,SAFE,0.2578,gripper,1,5.46
87,1790787714.190342,S05_cube_on_path_fast,SAFE,0.2530,gripper,1,6.59
88,1790787714.434346,S05_cube_on_path_fast,SAFE,0.2707,gripper,1,4.25
89,1790787714.597373,S05_cube_on_path_fast,SAFE,0.2681,gripper,1,6.31
90,1790787714.791536,S05_cube_on_path_fast,SAFE,0.2724,gripper,1,5.55
91,1790787714.953475,S05_cube_on_path_fast,SAFE,0.2691,gripper,1,6.49
92,1790787715.140724,S05_cube_on_path_fast,SAFE,0.2748,gripper,1,5.59
93,1790787715.301989,S05_cube_on_path_fast,SAFE,0.2736,gripper,1,6.57
94,1790787715.576191,S05_cube_on_path_fast,SAFE,0.2691,gripper,1,3.77
95,1790787715.771488,S05_cube_on_path_fast,SAFE,0.2722,gripper,1,5.36
96,1790787715.971017,S05_cube_on_path_fast,SAFE,0.2574,gripper,1,5.23
97,1790787716.165506,S05_cube_on_path_fast,SAFE,0.2523,gripper,1,5.38
98,1790787716.370335,S05_cube_on_path_fast,SAFE,0.2377,gripper,1,5.13
99,1790787716.559128,S05_cube_on_path_fast,SAFE,0.2387,gripper,1,5.60
100,1790787716.755790,S05_cube_on_path_fast,SAFE,0.2136,gripper,1,5.33
101,1790787716.919251,S05_cube_on_path_fast,SAFE,0.2094,gripper,1,6.42
102,1790787717.115817,S05_cube_on_path_fast,SAFE,0.2038,gripper,1,5.32
103,1790787717.276400,S05_cube_on_path_fast,SAFE,0.1960,gripper,1,6.37
104,1790787717.443318,S05_cube_on_path_fast,SAFE,0.2003,gripper,1,6.54
105,1790787717.605139,S05_cube_on_path_fast,SAFE,0.1972,gripper,1,6.58
106,1790787717.795125,S05_cube_on_path_fast,SAFE,0.1935,gripper,1,5.48
107,1790787717.954676,S05_cube_on_path_fast,SAFE,0.1961,gripper,1,6.63
108,1790787718.136537,S05_cube_on_path_fast,SAFE,0.1909,gripper,1,5.73
109,1790787718.296780,S05_cube_on_path_fast,SAFE,0.1942,gripper,1,6.53
110,1790787718.498904,S05_cube_on_path_fast,SAFE,0.1854,gripper,1,5.16
111,1790787718.657034,S05_cube_on_path_fast,SAFE,0.1843,gripper,1,6.65
112,1790787718.849657,S05_cube_on_path_fast,SAFE,0.1712,gripper,1,5.41
113,1790787719.003139,S05_cube_on_path_fast,SAFE,0.1694,gripper,1,6.89
114,1790787719.174224,S05_cube_on_path_fast,SAFE,0.1427,arm,1,6.17
115,1790787719.328899,S05_cube_on_path_fast,SAFE,0.1665,gripper,1,6.84
116,1790787719.496413,S05_cube_on_path_fast,SAFE,0.1661,gripper,1,6.28
117,1790787719.658688,S05_cube_on_path_fast,SAFE,0.1648,gripper,1,6.46
118,1790787719.887624,S05_cube_on_path_fast,SAFE,0.1661,gripper,1,4.52
119,1790787720.039027,S05_cube_on_path_fast,SAFE,0.1655,gripper,1,6.98
120,1790787720.197598,S05_cube_on_path_fast,SAFE,0.1644,gripper,1,6.70
121,1790787720.366454,S05_cube_on_path_fast,SAFE,0.1644,gripper,1,6.24
122,1790787720.521592,S05_cube_on_path_fast,WARN,0.1129,arm,1,6.92
123,1790787720.688630,S05_cube_on_path_fast,SAFE,0.1629,gripper,1,6.34
124,1790787720.918904,S05_cube_on_path_fast,SAFE,0.1344,arm,1,4.52
125,1790787721.119240,S05_cube_on_path_fast,SAFE,0.1502,arm,1,5.24
126,1790787721.313055,S05_cube_on_path_fast,SAFE,0.1497,arm,1,5.41
127,1790787721.482228,S05_cube_on_path_fast,WARN,0.1143,arm,1,6.24
128,1790787721.677980,S05_cube_on_path_fast,SAFE,0.1554,arm,1,5.35
129,1790787721.839188,S05_cube_on_path_fast,SAFE,0.1523,arm,1,6.55
130,1790787722.014907,S05_cube_on_path_fast,WARN,0.1047,arm,1,5.91
131,1790787722.172536,S05_cube_on_path_fast,WARN,0.1091,arm,1,6.57
132,1790787722.337245,S05_cube_on_path_fast,DANGER,0.0444,arm,1,6.57
133,1790787722.484066,S05_cube_on_path_fast,DANGER,0.0221,arm,1,7.14
134,1790787722.653492,S05_cube_on_path_fast,DANGER,0.0052,arm,1,6.21
135,1790787722.795551,S05_cube_on_path_fast,DANGER,0.0134,arm,1,7.52
136,1790787722.967384,S05_cube_on_path_fast,DANGER,0.0066,arm,1,6.03
137,1790787723.107418,S05_cube_on_path_fast,DANGER,0.0256,arm,1,7.76
138,1790787723.354628,S05_cube_on_path_fast,DANGER,0.0374,arm,1,4.19
139,1790787723.487917,S05_cube_on_path_fast,DANGER,0.0135,arm,1,7.87
140,1790787723.636533,S05_cube_on_path_fast,DANGER,0.0612,arm,1,7.12
141,1790787723.779053,S05_cube_on_path_fast,DANGER,0.0341,arm,1,7.46
142,1790787723.952022,S05_cube_on_path_fast,DANGER,0.0583,arm,1,6.11
143,1790787724.097690,S05_cube_on_path_fast,DANGER,0.0205,arm,1,7.32
144,1790787724.296277,S05_cube_on_path_fast,DANGER,0.0184,arm,1,5.35
145,1790787724.480770,S05_cube_on_path_fast,DANGER,0.0091,arm,1,5.71
146,1790787724.670598,S05_cube_on_path_fast,DANGER,0.0511,arm,1,5.47
147,1790787724.814644,S05_cube_on_path_fast,DANGER,0.0405,arm,1,7.36
148,1790787724.962961,S05_cube_on_path_fast,DANGER,0.0073,arm,1,7.05
149,1790787725.117323,S05_cube_on_path_fast,DANGER,0.0359,arm,1,6.95
150,1790787725.316782,S05_cube_on_path_fast,DANGER,0.0220,arm,1,5.26
151,1790787725.557468,S05_cube_on_path_fast,SAFE,0.1227,arm,1,4.30
152,1790787725.718845,S05_cube_on_path_fast,DANGER,0.0120,arm,1,6.52
153,1790787725.856373,S05_cube_on_path_fast,DANGER,0.0095,arm,1,7.70
154,1790787726.082147,S05_cube_on_path_fast,WARN,0.1164,arm,1,4.59
155,1790787726.222747,S05_cube_on_path_fast,SAFE,0.1245,arm,1,7.50
156,1790787726.384712,S05_cube_on_path_fast,WARN,0.1174,arm,1,6.54
157,1790787726.559464,S05_cube_on_path_fast,DANGER,0.0648,arm,1,6.02
158,1790787726.750257,S05_cube_on_path_fast,SAFE,0.1217,arm,1,5.50
159,1790787726.902699,S05_cube_on_path_fast,SAFE,0.1216,arm,1,6.91
160,1790787727.087632,S05_cube_on_path_fast,SAFE,0.1234,arm,1,5.67
161,1790787727.231745,S05_cube_on_path_fast,SAFE,0.1313,arm,1,7.37
162,1790787727.413053,S05_cube_on_path_fast,SAFE,0.1436,arm,1,5.74
163,1790787727.560982,S05_cube_on_path_fast,SAFE,0.1586,arm,1,7.14
164,1790787727.709482,S05_cube_on_path_fast,SAFE,0.1643,arm,1,6.99
165,1790787727.857361,S05_cube_on_path_fast,SAFE,0.1653,arm,1,7.17
