frame,t_wall,A1,A2,A3,A4,A5,A6
1,1790787743.763441,,,,,,
2,1790787744.014302,-96.5208,-32.3045,128.0309,168.6758,94.8594,-3.3868
3,1790787744.210882,-96.5208,-32.3045,128.0309,168.6758,94.8594,-3.3868
4,1790787744.413960,-105.0671,-32.3163,127.8183,168.5470,94.6297,-3.3621
5,1790787744.598015,-105.0671,-32.3163,127.8183,168.5470,94.6297,-3.3621
6,1790787744.820821,-110.2350,-32.3434,127.0690,168.6496,93.8612,-3.2311
7,1790787745.015849,-110.2350,-32.3434,127.0690,168.6496,93.8612,-3.2311
8,1790787745.195179,-111.6200,-32.3500,126.7800,168.7200,93.5700,-3.1800
9,1790787745.357957,-111.6200,-32.3500,126.7800,168.7200,93.5700,-3.1800
10,1790787745.514443,-111.6200,-32.3500,126.7800,168.7200,93.5700,-3.1800
11,1790787745.687797,-111.6200,-32.3500,126.7800,168.7200,93.5700,-3.1800
12,1790787745.881153,-111.2580,-32.3490,126.8301,168.7104,93.6205,-3.1886
13,1790787746.070460,-111.2580,-32.3490,126.8301,168.7104,93.6205,-3.1886
14,1790787746.266357,-107.9203,-32.3401,127.1780,168.6639,93.9737,-3.2478
15,1790787746.451443,-107.9203,-32.3401,127.1780,168.6639,93.9737,-3.2478
16,1790787746.645689,-101.2905,-32.3362,127.2880,168.6997,94.0889,-3.2632
17,1790787746.821604,-101.2905,-32.3362,127.2880,168.6997,94.0889,-3.2632
18,1790787747.040585,-96.7213,-32.3467,126.9224,168.7243,93.7154,-3.2025
19,1790787747.204682,-96.7213,-32.3467,126.9224,168.7243,93.7154,-3.2025
20,1790787747.355470,-95.6300,-32.3500,126.7800,168.7200,93.5700,-3.1800
21,1790787747.505639,-95.6300,-32.3500,126.7800,168.7200,93.5700,-3.1800
22,1790787747.658091,-95.4938,-32.3498,126.7902,168.7186,93.5803,-3.1817
23,1790787747.835747,-95.4938,-32.3498,126.7902,168.7186,93.5803,-3.1817
24,1790787748.045415,-93.1359,-32.3470,126.9151,168.7061,93.7069,-3.2025
25,1790787748.286069,-93.1359,-32.3470,126.9151,168.7061,93.7069,-3.2025
26,1790787748.482708,-87.9166,-32.3485,126.8464,168.7184,93.6375,-3.1907
27,1790787748.641952,-87.9166,-32.3485,126.8464,168.7184,93.6375,-3.1907
28,1790787748.794420,-86.9300,-32.3500,126.7800,168.7200,93.5700,-3.1800
29,1790787748.940408,-86.9300,-32.3500,126.7800,168.7200,93.5700,-3.1800
30,1790787749.087925,-86.8151,-32.3497,126.7954,168.7171,93.5856,-3.1827
31,1790787749.246871,-86.8151,-32.3497,126.7954,168.7171,93.5856,-3.1827
32,1790787749.413759,-84.8864,-32.3446,127.0182,168.6818,93.8109,-3.2207
33,1790787749.561918,-84.8864,-32.3446,127.0182,168.6818,93.8109,-3.2207
34,1790787749.726981,-80.5665,-32.3369,127.2748,168.6729,94.0738,-3.2629
35,1790787749.883704,-80.5665,-32.3369,127.2748,168.6729,94.0738,-3.2629
36,1790787750.043290,-75.0781,-32.3409,127.1359,168.7160,93.9335,-3.2374
37,1790787750.193159,-75.0781,-32.3409,127.1359,168.7160,93.9335,-3.2374
38,1790787750.364393,-72.2402,-32.3482,126.8586,168.7225,93.6502,-3.1924
39,1790787750.556473,-72.2402,-32.3482,126.8586,168.7225,93.6502,-3.1924
40,1790787750.728101,-71.6300,-32.3500,126.7800,168.7200,93.5700,-3.1800
41,1790787750.896350,-71.6300,-32.3500,126.7800,168.7200,93.5700,-3.1800
42,1790787751.111198,-71.2124,-32.3491,126.8235,168.7130,93.6139,-3.1874
43,1790787751.300044,-71.2124,-32.3491,126.8235,168.7130,93.6139,-3.1874
44,1790787751.465380,-67.5134,-32.3430,127.0720,168.6892,93.8665,-3.2289
45,1790787751.642309,-67.5134,-32.3430,127.0720,168.6892,93.8665,-3.2289
46,1790787751.883229,-61.8988,-32.3449,126.9936,168.7157,93.7877,-3.2145
47,1790787752.077816,-61.8988,-32.3449,126.9936,168.7157,93.7877,-3.2145
48,1790787752.330757,-59.3971,-32.3500,126.7818,168.7200,93.5719,-3.1803
49,1790787752.594617,-59.3971,-32.3500,126.7818,168.7200,93.5719,-3.1803
50,1790787752.823850,-59.1264,-32.3492,126.8180,168.7124,93.6083,-3.1866
51,1790787753.058387,-59.1264,-32.3492,126.8180,168.7124,93.6083,-3.1866
52,1790787753.280807,-54.7024,-32.3366,127.2889,168.6513,94.0871,-3.2668
53,1790787753.507886,-54.7024,-32.3366,127.2889,168.6513,94.0871,-3.2668
54,1790787753.770924,-46.6920,-32.3366,127.2703,168.7138,94.0715,-3.2593
55,1790787754.058601,-46.6920,-32.3366,127.2703,168.7138,94.0715,-3.2593
56,1790787754.329949,-42.2778,-32.3499,126.7842,168.7202,93.5743,-3.1807
57,1790787754.634029,-42.2778,-32.3499,126.7842,168.7202,93.5743,-3.1807
58,1790787754.943380,-41.5007,-32.3463,126.9545,168.6734,93.7453,-3.2110
59,1790787755.224941,-41.5007,-32.3463,126.9545,168.6734,93.7453,-3.2110
60,1790787755.512737,-33.8679,-32.3022,128.1035,168.5165,94.9262,-3.4126
61,1790787755.836722,-33.8679,-32.3022,128.1035,168.5165,94.9262,-3.4126
62,1790787756.149182,-20.8372,-32.3179,127.7372,168.7661,94.5578,-3.3312
63,1790787756.449254,-20.8372,-32.3179,127.7372,168.7661,94.5578,-3.3312
64,1790787756.787402,-15.7186,-32.3500,126.7820,168.7203,93.5721,-3.1803
65,1790787757.105557,-15.7186,-32.3500,126.7820,168.7203,93.5721,-3.1803
66,1790787757.437232,-16.8627,-32.3433,127.0396,168.7485,93.8365,-3.2197
67,1790787757.756007,-16.8627,-32.3433,127.0396,168.7485,93.8365,-3.2197
68,1790787758.070172,-27.0059,-32.2919,128.2644,168.6488,95.1033,-3.4281
69,1790787758.389795,-27.0059,-32.2919,128.2644,168.6488,95.1033,-3.4281
70,1790787758.723118,-39.1620,-32.3326,127.4242,168.5698,94.2221,-3.2949
71,1790787759.043430,-39.1620,-32.3326,127.4242,168.5698,94.2221,-3.2949
72,1790787759.345118,-42.2500,-32.3500,126.7800,168.7200,93.5700,-3.1800
73,1790787759.638425,-42.2500,-32.3500,126.7800,168.7200,93.5700,-3.1800
74,1790787759.941973,-44.3592,-32.3431,127.0569,168.7264,93.8531,-3.2240
75,1790787760.235955,-44.3592,-32.3431,127.0569,168.7264,93.8531,-3.2240
76,1790787760.527814,-54.3185,-32.3358,127.3132,168.6511,94.1121,-3.2707
77,1790787760.813259,-54.3185,-32.3358,127.3132,168.6511,94.1121,-3.2707
78,1790787761.102709,-59.3063,-32.3498,126.7912,168.7177,93.5812,-3.1819
79,1790787761.380321,-59.3063,-32.3498,126.7912,168.7177,93.5812,-3.1819
80,1790787761.666224,-59.6400,-32.3494,126.8073,168.7204,93.5978,-3.1843
81,1790787761.949106,-59.6400,-32.3494,126.8073,168.7204,93.5978,-3.1843
82,1790787762.207020,-65.7909,-32.3420,127.1057,168.6941,93.9012,-3.2340
83,1790787762.441591,-65.7909,-32.3420,127.1057,168.6941,93.9012,-3.2340
84,1790787762.725557,-71.1515,-32.3490,126.8296,168.7121,93.6201,-3.1884
85,1790787762.986960,-71.1515,-32.3490,126.8296,168.7121,93.6201,-3.1884
86,1790787763.255647,-71.7121,-32.3498,126.7910,168.7204,93.5812,-3.1817
87,1790787763.517286,-71.7121,-32.3498,126.7910,168.7204,93.5812,-3.1817
88,1790787763.770179,-76.3146,-32.3386,127.2125,168.7069,94.0116,-3.2504
89,1790787764.008826,-76.3146,-32.3386,127.2125,168.7069,94.0116,-3.2504
90,1790787764.257120,-84.2642,-32.3430,127.0755,168.6754,93.8693,-3.2304
91,1790787764.496158,-84.2642,-32.3430,127.0755,168.6754,93.8693,-3.2304
92,1790787764.727092,-86.9297,-32.3500,126.7800,168.7200,93.5700,-3.1800
93,1790787764.958596,-86.9297,-32.3500,126.7800,168.7200,93.5700,-3.1800
94,1790787765.191669,-87.2513,-32.3495,126.8035,168.7197,93.5939,-3.1838
95,1790787765.423369,-87.2513,-32.3495,126.8035,168.7197,93.5939,-3.1838
96,1790787765.688033,-91.8230,-32.3463,126.9422,168.7066,93.7346,-3.2069
97,1790787765.944694,-91.8230,-32.3463,126.9422,168.7066,93.7346,-3.2069
98,1790787766.183374,-95.6130,-32.3500,126.7813,168.7198,93.5713,-3.1802
99,1790787766.424454,-95.6130,-32.3500,126.7813,168.7198,93.5713,-3.1802
100,1790787766.659332,-95.7285,-32.3497,126.7938,168.7206,93.5840,-3.1822
101,1790787766.879827,-95.7285,-32.3497,126.7938,168.7206,93.5840,-3.1822
102,1790787767.106708,-99.2154,-32.3399,127.1674,168.7168,93.9658,-3.2424
103,1790787767.329311,-99.2154,-32.3399,127.1674,168.7168,93.9658,-3.2424
104,1790787767.568656,-106.9260,-32.3380,127.2429,168.6617,94.0404,-3.2585
105,1790787767.803022,-106.9260,-32.3380,127.2429,168.6617,94.0404,-3.2585
106,1790787768.040406,-111.4045,-32.3494,126.8101,168.7142,93.6004,-3.1852
107,1790787768.265322,-111.4045,-32.3494,126.8101,168.7142,93.6004,-3.1852
108,1790787768.487338,-111.6617,-32.3498,126.7873,168.7206,93.5775,-3.1811
109,1790787768.719803,-111.6617,-32.3498,126.7873,168.7206,93.5775,-3.1811
110,1790787768.927034,-114.8232,-32.3373,127.2461,168.7326,94.0477,-3.2541
111,1790787769.114385,-114.8232,-32.3373,127.2461,168.7326,94.0477,-3.2541
112,1790787769.277763,-121.6551,-32.3234,127.6355,168.6532,94.4456,-3.3234
113,1790787769.434376,-121.6551,-32.3234,127.6355,168.6532,94.4456,-3.3234
114,1790787769.587564,-127.3788,-32.3348,127.3483,168.6262,94.1469,-3.2783
115,1790787769.728243,-127.3788,-32.3348,127.3483,168.6262,94.1469,-3.2783
116,1790787769.887882,-130.5170,-32.3465,126.9435,168.6854,93.7348,-3.2084
117,1790787770.033142,-130.5170,-32.3465,126.9435,168.6854,93.7348,-3.2084
118,1790787770.165836,-131.4898,-32.3500,126.7800,168.7200,93.5700,-3.1800
119,1790787770.305770,-131.4898,-32.3500,126.7800,168.7200,93.5700,-3.1800
120,1790787770.450580,-131.4892,-32.3500,126.7801,168.7200,93.5701,-3.1800
121,1790787770.588388,-131.4892,-32.3500,126.7801,168.7200,93.5701,-3.1800
122,1790787770.738807,-130.5423,-32.3466,126.9394,168.6862,93.7307,-3.2077
123,1790787770.875959,-130.5423,-32.3466,126.9394,168.6862,93.7307,-3.2077
124,1790787771.021760,-127.6016,-32.3356,127.3256,168.6281,94.1236,-3.2744
125,1790787771.170481,-127.6016,-32.3356,127.3256,168.6281,94.1236,-3.2744
126,1790787771.328275,-122.3229,-32.3237,127.6309,168.6448,94.4403,-3.3233
127,1790787771.482353,-122.3229,-32.3237,127.6309,168.6448,94.4403,-3.3233
128,1790787771.653190,-116.2812,-32.3322,127.3969,168.7228,94.2025,-3.2792
