t,frame,fps,cpu_sys_pct,cpu_proc_pct,ram_proc_mb,ram_sys_pct,ram_sys_used_mb,gpu_pct,threads,t_cloud_ms,t_robot_ms,t_o3d_ms,t_masks_ms,t_scene_ms,t_draw_ms
1790858257.64,1,5.5,25.2,11.5,159.6,75.6,12159.1,,44,26.6,0.0,0.0,22.7,0.1,0.1
1790858257.854,2,5.6,74.8,149.8,169.2,75.9,12206.2,,44,45.6,5.8,0.0,88.4,26.1,1.4
1790858257.975,3,8.9,50.0,250.0,169.5,75.9,12203.8,,44,31.8,0.0,0.0,48.9,23.9,0.9
1790858258.211,4,4.4,36.6,86.8,170.4,75.9,12207.1,,44,28.1,119.4,0.0,47.7,23.3,0.9
1790858258.32,5,9.4,61.4,170.5,169.5,75.9,12206.1,,44,28.6,0.0,0.0,48.1,22.7,0.8
1790858258.479,6,6.8,39.5,180.3,169.9,75.9,12208.6,,45,28.9,38.8,0.0,48.3,23.8,1.0
1790858258.594,7,9.2,32.8,150.0,169.6,75.9,12207.7,,45,27.6,0.0,0.0,49.0,24.0,1.0
1790858258.723,8,8.1,40.0,162.5,169.5,75.9,12209.1,,45,27.1,13.4,0.0,51.9,24.5,1.1
1790858258.848,9,8.6,55.4,225.0,169.8,76.0,12211.3,,45,31.4,0.0,0.0,52.7,24.9,0.9
1790858258.968,10,8.7,60.3,186.4,169.6,76.0,12213.3,,45,28.9,2.4,0.0,51.0,24.1,1.0
1790858259.084,11,9.2,29.8,100.0,170.3,76.0,12215.4,,45,27.6,0.0,0.0,49.0,24.9,0.9
1790858259.206,12,9.0,31.2,100.0,170.3,76.0,12216.7,,45,28.8,2.6,0.0,47.4,24.7,0.9
1790858259.321,13,9.1,30.4,142.0,170.6,75.9,12204.6,,45,29.1,0.0,0.0,50.5,23.5,1.0
1790858259.446,14,8.7,30.8,100.0,170.1,75.9,12208.6,,45,29.7,2.5,0.0,50.4,23.9,1.1
1790858259.557,15,9.4,40.4,186.4,169.9,76.0,12210.1,27.4,45,29.1,0.0,0.0,46.8,23.5,0.9
1790858259.676,16,9.0,28.1,125.0,170.1,76.0,12211.9,27.4,45,27.3,3.8,0.0,48.5,24.6,1.0
1790858259.791,17,9.3,28.1,100.3,170.3,76.0,12212.1,27.4,45,27.9,0.0,0.0,47.5,25.2,1.0
1790858259.912,18,9.0,43.8,250.0,170.1,76.0,12214.1,27.4,45,29.2,3.8,0.0,47.4,23.7,0.9
1790858260.026,19,9.2,30.4,127.8,170.4,76.0,12215.9,27.4,45,26.6,0.0,0.0,50.0,25.8,0.9
1790858260.161,20,7.9,47.3,156.2,169.8,76.0,12224.4,27.4,45,26.2,9.3,0.0,54.2,28.3,1.5
1790858260.293,21,8.0,52.3,125.0,170.4,76.0,12219.3,27.4,45,28.0,0.0,0.0,54.5,33.1,1.2
1790858260.428,22,7.9,57.5,88.7,170.2,76.1,12229.3,27.4,45,31.9,2.8,0.0,56.9,26.9,1.0
1790858260.538,23,9.4,52.6,114.7,169.9,76.0,12216.5,27.4,45,27.4,0.0,0.0,48.2,23.5,0.9
1790858260.662,24,8.6,41.5,200.0,170.0,75.9,12202.8,27.4,45,28.2,8.0,0.0,48.0,24.6,1.1
1790858260.776,25,9.5,46.4,269.9,170.5,75.9,12203.8,27.4,45,26.9,0.0,0.0,48.2,23.9,0.9
1790858260.89,26,9.3,36.9,175.0,170.1,75.9,12205.6,27.4,45,27.5,2.5,0.0,47.7,23.2,0.9
1790858261.005,27,9.2,29.8,129.0,170.3,75.9,12207.6,27.4,45,29.3,0.0,0.0,49.5,23.3,0.8
1790858261.123,28,9.2,31.2,114.7,169.9,75.9,12209.4,27.4,45,26.2,3.5,0.0,48.6,23.0,0.9
1790858261.241,29,9.1,26.8,87.5,170.0,75.9,12208.7,27.4,45,28.1,0.0,0.0,49.6,24.8,0.9
1790858261.399,30,6.7,73.5,149.3,171.6,75.9,12195.0,23.3,44,29.6,4.8,0.0,76.5,26.2,1.0
1790858261.533,31,8.0,38.9,111.6,169.2,75.9,12194.8,23.3,44,31.0,0.0,0.0,55.9,29.3,1.2
1790858261.668,32,7.7,44.1,112.5,170.2,75.9,12198.0,23.3,44,32.6,2.6,0.0,58.3,27.4,1.0
1790858261.834,33,6.5,69.0,154.4,170.2,75.9,12202.1,23.3,44,31.2,0.0,0.0,77.3,34.7,2.2
1790858261.988,34,6.8,70.6,150.2,170.2,75.8,12191.3,23.3,44,38.1,2.3,0.0,66.7,29.3,1.2
1790858262.147,35,6.6,66.3,89.6,170.2,76.0,12210.7,23.3,44,33.7,0.0,0.0,71.9,36.2,1.7
1790858262.308,36,6.7,59.8,120.2,170.1,76.0,12212.7,23.3,44,39.1,2.1,0.0,67.7,32.2,1.5
1790858262.459,37,7.1,52.5,170.3,170.5,76.0,12213.5,23.3,44,38.7,0.0,0.0,64.2,29.3,1.3
1790858262.595,38,7.6,29.2,121.9,170.2,76.0,12215.5,23.3,44,32.9,2.5,0.0,59.1,28.1,1.1
1790858262.738,39,7.5,42.5,189.7,170.5,76.0,12214.8,23.3,44,34.1,0.0,0.0,61.9,29.4,1.3
1790858262.877,40,7.6,57.5,166.2,171.0,76.0,12215.2,23.3,44,31.7,2.3,0.0,60.4,28.0,1.3
1790858263.02,41,7.6,41.7,110.8,169.3,76.0,12213.9,23.3,44,33.6,0.0,0.0,59.9,29.3,1.1
1790858263.156,42,7.7,42.5,175.0,170.1,76.0,12217.8,23.3,44,32.5,2.8,0.0,58.0,28.1,1.1
1790858263.295,43,7.7,44.4,145.1,170.2,76.0,12219.3,23.3,44,31.3,0.0,0.0,61.4,27.7,1.2
1790858263.451,44,6.8,53.8,258.8,170.2,76.0,12209.7,23.3,44,33.3,9.6,0.0,57.3,38.5,1.1
1790858263.595,45,7.5,31.6,100.4,170.2,76.0,12211.3,25.6,44,30.6,0.0,0.0,56.8,37.4,1.0
1790858263.745,46,7.0,26.7,90.1,170.7,76.0,12213.4,25.6,44,29.6,2.5,0.0,57.0,45.5,1.1
1790858263.894,47,7.2,61.9,149.3,170.2,76.0,12212.9,25.6,44,29.9,0.0,0.0,56.5,44.1,1.1
1790858264.055,48,6.5,51.9,170.3,170.5,76.0,12211.7,25.6,44,33.7,2.4,0.0,57.9,50.1,1.0
1790858264.193,49,7.5,42.1,199.5,169.9,76.0,12213.0,25.6,44,32.4,0.0,0.0,54.4,38.7,1.2
1790858264.337,50,7.3,37.0,122.8,170.2,76.0,12215.3,25.6,44,31.7,2.5,0.0,54.4,40.3,1.0
1790858264.494,51,6.8,27.6,100.2,170.2,76.0,12217.7,25.6,44,30.9,0.0,0.0,55.5,51.9,1.1
1790858264.65,52,6.7,29.6,99.5,170.2,76.0,12220.5,25.6,44,31.5,3.0,0.0,55.7,50.9,1.0
1790858264.796,53,7.2,40.2,200.9,170.1,75.9,12208.5,25.6,44,31.8,0.0,0.0,54.3,43.5,1.2
1790858264.955,54,6.8,32.5,99.9,168.8,75.9,12201.5,25.6,44,32.0,3.5,0.0,57.3,46.2,1.3
1790858265.113,55,6.7,44.4,130.2,170.8,75.9,12206.3,25.6,45,32.8,0.0,0.0,55.5,43.7,1.1
1790858265.282,56,6.3,47.7,109.5,169.4,75.9,12206.1,25.6,44,32.5,4.1,0.0,55.4,57.4,1.7
1790858265.455,57,6.3,53.4,145.3,170.6,75.9,12205.4,25.6,44,39.5,0.0,0.0,59.0,49.8,1.1
1790858265.63,58,6.0,53.9,125.3,170.2,76.0,12214.7,25.6,45,37.7,3.0,0.0,63.1,54.2,1.7
1790858265.815,59,5.7,54.1,116.4,168.9,76.0,12214.3,25.6,45,41.6,0.0,0.0,67.6,55.2,1.5
1790858266.003,60,5.7,56.0,117.0,171.7,76.0,12211.8,24.8,45,35.6,2.4,0.0,64.5,55.2,1.3
1790858266.169,61,6.5,55.6,100.2,169.4,75.9,12204.0,24.8,45,36.6,0.0,0.0,59.4,48.1,1.5
1790858266.347,62,6.0,61.5,124.7,170.6,75.9,12202.5,24.8,45,30.4,6.5,0.0,69.4,50.7,1.2
1790858266.52,63,5.9,57.8,145.3,170.3,75.9,12201.3,24.8,45,35.8,0.0,0.0,63.2,62.2,1.2
1790858266.679,64,6.7,39.5,100.2,171.2,75.9,12202.8,24.8,45,32.3,2.5,0.0,59.3,47.5,1.1
1790858266.835,65,6.8,42.0,120.2,170.6,75.9,12203.4,24.8,45,32.3,0.0,0.0,57.6,47.5,1.1
1790858266.99,66,6.9,38.3,150.2,170.7,75.9,12201.1,24.8,45,30.8,2.6,0.0,55.9,47.3,1.1
1790858267.151,67,6.6,53.6,139.3,170.9,75.9,12202.7,24.8,45,31.9,0.0,0.0,64.2,44.6,1.0
1790858267.304,68,6.7,34.1,110.2,169.7,75.9,12201.5,24.8,45,30.8,2.4,0.0,57.4,45.1,1.1
1790858267.447,69,7.4,39.8,188.4,170.9,75.9,12196.0,24.8,45,30.7,0.0,0.0,53.2,43.2,1.1
1790858267.599,70,7.1,38.7,100.2,169.7,75.9,12196.6,24.8,45,30.1,2.6,0.0,54.5,45.1,1.1
1790858267.741,71,7.3,37.0,111.6,171.9,75.9,12200.1,24.8,45,31.6,0.0,0.0,52.9,44.0,1.0
1790858267.898,72,6.8,40.2,89.6,170.8,75.9,12203.1,24.8,45,35.8,2.6,0.0,57.0,42.3,1.3
1790858268.046,73,7.1,59.3,234.4,169.9,75.9,12201.0,24.8,45,34.5,0.0,0.0,55.4,42.3,1.1
1790858268.199,74,6.8,28.8,99.5,169.9,75.9,12203.6,24.8,45,34.4,2.4,0.0,51.6,49.1,1.2
1790858268.341,75,7.4,35.1,178.6,171.4,75.9,12208.0,7.6,45,30.3,0.0,0.0,55.0,41.9,1.0
1790858268.482,76,7.3,25.3,90.1,170.0,75.9,12207.6,7.6,45,28.8,4.7,0.0,51.6,42.4,1.0
1790858268.622,77,7.6,40.6,188.4,170.8,76.0,12210.3,7.6,45,29.5,0.0,0.0,51.8,42.4,1.0
1790858268.773,78,7.0,33.3,166.2,170.8,76.0,12212.0,7.6,45,33.2,5.3,0.0,53.4,42.0,1.0
1790858268.923,79,7.1,31.2,100.2,171.4,75.9,12200.2,7.6,45,31.1,0.0,0.0,54.9,44.2,1.5
1790858269.078,80,7.1,31.5,99.7,170.6,75.8,12185.9,7.6,45,30.7,2.4,0.0,53.9,44.8,1.1
1790858269.254,81,6.1,72.7,167.1,172.4,75.9,12197.4,7.6,45,46.6,0.0,0.0,61.7,44.7,1.1
1790858269.395,82,7.3,27.4,99.7,171.7,75.8,12185.3,7.6,45,28.0,3.1,0.0,54.0,42.4,1.2
1790858269.554,83,6.7,56.8,240.4,171.8,75.8,12188.9,7.6,45,31.4,0.0,0.0,57.8,46.9,1.4
1790858269.711,84,6.7,47.6,190.3,171.4,75.8,12190.4,7.6,45,34.3,2.8,0.0,59.3,44.3,1.1
1790858269.864,85,6.7,48.8,180.3,172.1,75.9,12199.2,7.6,45,30.5,0.0,0.0,56.3,52.2,1.2
1790858270.035,86,6.3,61.1,127.2,171.9,75.9,12200.6,7.6,45,34.1,2.7,0.0,62.4,49.4,1.7
1790858270.194,87,6.6,50.0,149.3,171.9,75.8,12190.0,7.6,45,32.8,0.0,0.0,60.8,47.1,1.2
1790858270.357,88,6.5,39.5,140.2,171.8,75.8,12191.7,7.6,45,34.5,2.5,0.0,62.1,46.0,1.2
1790858270.501,89,7.3,35.4,150.2,171.5,75.8,12192.9,7.6,45,30.7,0.0,0.0,55.4,42.7,1.1
1790858270.663,90,6.6,34.1,90.1,173.2,75.9,12195.6,21.4,45,32.1,5.2,0.0,55.3,44.6,1.6
1790858270.822,91,6.7,50.6,169.2,172.1,75.9,12197.9,21.4,45,32.6,0.0,0.0,60.3,48.2,1.2
1790858270.988,92,6.2,59.8,164.5,171.7,75.9,12207.0,21.4,45,37.5,4.9,0.0,64.7,45.8,1.4
1790858271.175,93,5.7,74.0,157.9,172.1,76.0,12212.7,21.4,45,43.2,0.0,0.0,71.1,53.4,1.3
1790858271.354,94,5.9,72.2,109.0,171.8,75.9,12206.6,21.4,45,43.3,5.3,0.0,64.9,46.6,1.2
1790858271.506,95,6.9,35.0,120.2,170.9,75.9,12208.2,21.4,44,31.8,0.0,0.0,59.3,45.4,1.1
1790858271.661,96,6.8,30.9,110.2,171.7,75.9,12199.6,21.4,44,32.3,2.5,0.0,59.7,44.2,1.1
1790858271.814,97,7.1,35.4,99.5,171.5,75.9,12202.1,21.4,44,31.1,0.0,0.0,57.9,44.2,1.2
1790858271.967,98,6.8,47.4,200.9,171.5,75.9,12199.0,21.4,44,31.0,2.1,0.0,58.5,46.3,1.1
1790858272.126,99,6.6,48.2,99.9,171.5,75.8,12192.9,21.4,44,31.8,0.0,0.0,57.6,51.1,1.2
1790858272.28,100,6.9,43.9,177.3,171.6,75.9,12199.9,21.4,44,31.1,6.0,0.0,55.9,42.2,1.1
1790858272.424,101,7.2,60.8,170.3,171.5,75.9,12197.0,21.4,44,30.6,0.0,0.0,56.5,42.9,1.1
1790858272.579,102,7.0,51.2,170.3,171.7,75.9,12199.3,21.4,44,30.0,4.6,0.0,55.5,41.6,1.1
1790858272.721,103,7.3,27.8,110.8,171.8,75.9,12201.6,21.4,44,31.8,0.0,0.0,52.9,43.2,1.0
1790858272.876,104,6.7,45.7,120.2,171.5,75.8,12192.7,21.4,44,31.9,7.0,0.0,57.9,43.5,1.2
1790858273.029,105,7.1,39.2,155.1,172.0,75.8,12192.3,24.2,44,31.3,0.0,0.0,58.4,43.0,1.1
1790858273.177,106,7.0,29.6,100.2,171.5,75.8,12191.1,24.2,44,30.6,6.1,0.0,55.4,42.6,1.6
1790858273.355,107,6.0,74.4,118.1,172.3,75.8,12185.3,24.2,44,50.4,0.0,0.0,61.5,42.9,1.1
1790858273.506,108,6.9,37.5,170.3,171.7,75.8,12186.6,24.2,44,33.8,4.8,0.0,55.5,43.3,1.0
1790858273.652,109,7.3,48.0,177.3,172.9,75.8,12188.2,24.2,44,30.0,0.0,0.0,55.8,42.8,1.3
1790858273.809,110,6.6,47.1,170.3,171.8,75.8,12191.7,24.2,44,33.2,5.6,0.0,57.4,45.8,1.2
1790858273.959,111,6.9,37.0,180.3,171.8,75.8,12193.1,24.2,44,32.0,0.0,0.0,57.8,46.4,1.1
1790858274.132,112,6.1,56.2,118.1,171.3,75.9,12202.3,24.2,44,38.0,6.2,0.0,61.7,46.8,1.2
1790858274.297,113,6.5,57.8,150.2,172.4,75.8,12186.7,24.2,44,35.0,0.0,0.0,62.0,47.4,1.2
1790858274.45,114,6.7,43.0,145.3,172.5,75.8,12188.3,24.2,44,32.5,2.6,0.0,61.3,44.0,1.1
1790858274.603,115,7.1,29.3,99.7,172.1,75.8,12190.0,24.2,44,32.0,0.0,0.0,54.8,43.6,1.1
1790858274.752,116,7.0,38.3,150.2,173.1,75.6,12159.8,24.2,44,33.7,3.7,0.0,57.0,40.2,1.1
1790858274.896,117,7.3,38.9,99.7,171.6,75.6,12159.7,24.2,44,25.9,0.0,0.0,58.5,45.0,1.1
1790858275.044,118,7.1,43.0,160.3,172.1,75.6,12159.2,24.2,44,27.3,2.4,0.0,56.6,45.1,1.1
1790858275.188,119,7.5,37.0,212.5,172.1,75.7,12163.1,24.2,44,26.1,0.0,0.0,56.7,41.7,1.1
1790858275.339,120,7.1,31.2,70.1,173.9,75.7,12167.0,25.3,44,26.6,2.6,0.0,54.3,41.9,1.1
1790858275.487,121,7.2,35.8,140.2,172.1,75.7,12161.8,25.3,44,30.3,0.0,0.0,54.3,46.3,1.1
1790858275.638,122,7.0,40.0,155.1,171.8,75.6,12150.1,25.3,44,29.6,8.6,0.0,55.7,40.2,1.2
1790858275.781,123,7.4,41.5,166.2,171.5,75.6,12151.0,25.3,44,29.5,0.0,0.0,56.4,41.5,1.1
1790858275.923,124,7.5,36.1,90.1,172.4,75.5,12139.3,25.3,44,27.2,2.5,0.0,52.9,41.6,1.1
1790858276.057,125,7.8,39.7,187.5,171.6,75.5,12140.4,25.3,44,26.1,0.0,0.0,53.6,40.7,1.2
1790858276.202,126,7.4,33.8,99.7,170.4,75.5,12133.7,25.3,44,26.7,3.1,0.0,56.7,39.9,1.2
1790858276.354,127,7.0,45.8,100.2,171.0,75.5,12141.9,25.3,44,26.1,0.0,0.0,59.9,46.8,1.1
1790858276.522,128,6.1,61.8,99.9,171.6,75.6,12149.2,25.3,44,32.8,3.1,0.0,65.6,52.4,1.2
1790858276.694,129,6.1,62.0,199.9,172.1,75.5,12145.1,25.3,44,34.4,0.0,0.0,70.1,49.3,1.6
1790858276.854,130,6.7,31.2,110.2,172.1,75.6,12147.6,25.3,44,30.7,2.4,0.0,61.8,45.1,1.2
1790858276.999,131,7.3,39.2,156.3,172.3,75.5,12137.0,25.3,44,28.5,0.0,0.0,55.0,43.5,1.1
1790858277.161,132,6.5,65.5,145.3,170.9,75.5,12137.7,25.3,44,28.0,5.4,0.0,64.9,47.7,1.7
1790858277.311,133,7.2,52.1,121.9,171.4,75.5,12130.3,25.3,44,29.8,0.0,0.0,56.1,45.2,1.1
1790858277.489,134,6.0,56.7,108.6,172.1,75.4,12117.5,25.3,44,46.9,5.9,0.0,60.0,43.9,1.1
1790858277.63,135,7.4,27.8,99.7,171.5,75.4,12118.1,24.3,44,28.9,0.0,0.0,55.5,42.5,1.2
1790858277.783,136,7.0,45.7,190.3,171.0,75.4,12119.5,24.3,44,28.5,2.7,0.0,58.5,44.9,1.1
1790858277.931,137,7.1,42.1,99.7,171.5,75.4,12121.5,24.3,44,28.8,0.0,0.0,59.2,45.6,1.2
1790858278.087,138,6.8,48.8,140.2,172.1,75.4,12123.8,24.3,44,33.4,2.4,0.0,56.7,46.0,1.1
1790858278.242,139,6.8,55.0,110.2,171.5,75.5,12132.6,24.3,44,29.4,0.0,0.0,61.9,45.9,1.2
1790858278.422,140,5.9,64.3,109.0,173.0,75.4,12122.6,24.3,44,34.2,11.8,0.0,61.7,51.2,1.7
1790858278.582,141,6.6,36.2,99.9,171.6,75.4,12123.7,24.3,44,31.6,0.0,0.0,64.7,46.4,1.1
1790858278.736,142,6.9,29.6,121.9,171.6,75.4,12125.3,24.3,45,32.5,2.5,0.0,56.7,43.0,1.1
1790858278.879,143,7.2,60.0,110.2,171.7,75.4,12126.6,24.3,45,30.6,0.0,0.0,56.6,43.3,1.1
1790858279.043,144,6.5,51.9,180.3,171.2,75.4,12126.0,24.3,45,32.3,3.1,0.0,59.8,48.3,1.5
1790858279.199,145,6.9,51.9,169.2,172.0,75.4,12127.6,24.3,45,29.7,0.0,0.0,58.1,47.0,1.5
1790858279.347,146,7.1,36.7,170.3,172.6,75.5,12129.7,24.3,45,29.3,3.9,0.0,54.6,44.6,1.7
1790858279.499,147,7.0,30.4,122.8,172.1,75.5,12132.0,24.3,45,30.0,0.0,0.0,55.9,46.6,1.1
1790858279.65,148,6.8,28.6,89.6,171.5,75.5,12133.0,24.3,45,30.9,8.2,0.0,58.0,41.7,1.1
1790858279.797,149,7.4,41.0,130.2,171.5,75.4,12124.0,24.3,45,29.4,0.0,0.0,54.1,44.0,1.4
1790858279.952,150,6.8,33.8,121.9,172.1,75.4,12123.1,25.2,45,29.9,2.5,0.0,56.5,44.9,1.4
1790858280.1,151,7.1,33.3,100.2,170.6,75.4,12126.5,25.2,45,29.3,0.0,0.0,57.7,44.1,1.5
1790858280.255,152,6.9,41.0,110.2,172.0,75.5,12132.5,25.2,45,31.0,2.8,0.0,59.0,45.0,1.1
1790858280.404,153,7.1,54.1,232.7,171.8,75.4,12124.7,25.2,45,28.0,0.0,0.0,59.6,44.4,1.1
1790858280.55,154,7.2,36.1,120.2,171.5,75.4,12126.5,25.2,45,29.0,7.5,0.0,53.1,41.4,1.1
1790858280.695,155,7.3,36.1,177.3,171.5,75.4,12128.5,25.2,45,30.4,0.0,0.0,55.7,42.7,1.1
1790858280.84,156,7.1,56.6,245.5,171.5,75.5,12130.5,25.2,45,31.6,2.7,0.0,54.6,43.3,1.0
1790858280.991,157,7.2,36.7,140.2,172.1,75.5,12133.5,25.2,45,31.2,0.0,0.0,54.1,44.1,1.4
1790858281.139,158,7.1,40.7,210.5,171.6,75.4,12121.6,25.2,45,32.2,2.5,0.0,55.5,41.7,1.1
1790858281.289,159,7.1,35.1,170.3,171.9,75.4,12122.9,25.2,45,31.3,0.0,0.0,56.6,44.0,1.0
1790858281.44,160,6.8,33.8,149.3,171.6,75.4,12124.2,25.2,45,35.7,2.3,0.0,59.1,42.2,1.1
1790858281.624,161,5.9,68.2,118.8,172.2,75.4,12120.5,25.2,45,51.5,0.0,0.0,66.7,42.0,1.1
1790858281.803,162,6.0,61.8,124.7,171.9,75.5,12130.6,25.2,45,32.2,11.3,0.0,65.2,48.7,1.2
1790858281.992,163,5.5,64.6,150.4,172.2,75.5,12134.5,25.2,45,42.2,0.0,0.0,77.8,53.9,1.2
1790858282.2,164,5.1,72.9,145.5,171.8,75.5,12132.4,25.2,45,46.5,2.5,0.0,82.6,53.5,1.4
1790858282.368,165,6.2,45.6,118.8,171.6,75.5,12138.8,25.5,45,35.3,0.0,0.0,60.7,54.9,1.2
1790858282.548,166,6.0,52.0,118.1,171.8,75.5,12131.5,25.5,45,37.7,3.3,0.0,67.5,49.1,1.8
1790858282.714,167,6.2,39.5,90.8,171.5,75.5,12130.4,25.5,45,42.4,0.0,0.0,62.6,46.8,1.1
1790858282.871,168,6.8,27.7,90.1,171.9,75.5,12129.7,25.5,45,32.0,3.3,0.0,60.5,43.5,1.1
1790858283.016,169,7.3,36.8,133.0,171.6,75.5,12129.6,25.5,45,31.7,0.0,0.0,55.7,41.6,1.1
1790858283.178,170,6.5,40.5,163.5,171.4,75.5,12131.4,25.5,45,32.7,2.7,0.0,55.7,52.3,2.2
1790858283.337,171,6.6,63.4,250.4,171.8,75.5,12134.4,25.5,45,32.7,0.0,0.0,58.2,51.0,1.1
1790858283.488,172,7.0,42.5,240.4,171.0,75.5,12135.0,25.5,45,30.6,2.3,0.0,57.0,45.1,1.1
1790858283.632,173,7.3,33.3,144.1,172.5,75.5,12138.1,25.5,45,32.6,0.0,0.0,55.0,41.8,1.1
1790858283.784,174,7.1,23.8,90.1,171.6,75.5,12133.8,25.5,45,34.0,2.5,0.0,54.0,40.8,1.0
1790858283.933,175,7.2,45.9,177.3,171.9,75.4,12128.4,25.5,45,31.3,0.0,0.0,58.7,41.1,1.1
1790858284.075,176,7.3,46.9,133.0,171.6,75.5,12129.8,25.5,45,31.3,2.6,0.0,54.1,40.6,1.1
1790858284.214,177,7.4,38.2,180.3,171.6,75.5,12130.9,25.5,45,31.1,0.0,0.0,54.3,41.1,1.0
1790858284.369,178,7.0,26.3,111.6,172.2,75.4,12126.7,25.5,45,31.8,2.6,0.0,56.6,42.9,1.3
1790858284.516,179,7.1,33.8,109.5,171.1,75.4,12128.5,25.5,45,30.8,0.0,0.0,55.3,45.5,1.1
1790858284.683,180,6.4,34.9,110.2,173.0,75.5,12130.9,24.7,45,31.0,10.9,0.0,56.4,44.7,1.1
1790858284.829,181,7.3,36.6,150.2,172.4,75.5,12132.3,24.7,45,32.4,0.0,0.0,55.5,41.6,1.3
1790858284.973,182,7.3,36.5,177.3,171.8,75.5,12133.9,24.7,45,30.6,3.5,0.0,53.4,41.0,1.1
1790858285.118,183,7.3,58.1,100.4,171.2,75.5,12134.5,24.7,45,31.8,0.0,0.0,54.7,41.9,1.0
1790858285.265,184,7.2,49.4,159.2,172.4,75.4,12127.5,24.7,45,30.7,2.5,0.0,55.9,42.4,1.1
1790858285.408,185,7.2,36.8,89.3,172.8,75.4,12126.0,24.7,45,31.6,0.0,0.0,54.3,43.5,1.1
