iter,threads,fps_target,T_budget_ms,N,roi_keep,M,k,avg_ms,p95_ms,pass_rate
iter3,1,15,66.67,50000,0.25,200,32,25.16,38.01,1.0000
iter3,1,15,66.67,100000,0.25,200,32,57.19,85.62,0.8300
iter3,1,15,66.67,200000,0.25,200,32,77.25,91.41,0.0700
iter3,1,15,66.67,407040,0.25,200,32,177.03,256.77,0.0000
iter3,1,15,66.67,50000,0.5,200,32,44.46,55.28,0.9950
iter3,1,15,66.67,100000,0.5,200,32,75.19,104.78,0.2400
iter3,1,15,66.67,200000,0.5,200,32,153.59,227.32,0.0000
iter3,1,15,66.67,407040,0.5,200,32,296.00,405.71,0.0000
iter3,1,20,50.00,50000,0.25,200,32,31.22,38.26,0.9950
iter3,1,20,50.00,100000,0.25,200,32,58.45,93.62,0.4300
iter3,1,20,50.00,200000,0.25,200,32,87.81,128.96,0.0000
iter3,1,20,50.00,407040,0.25,200,32,179.16,246.30,0.0000
iter3,1,20,50.00,50000,0.5,200,32,47.66,70.49,0.7000
iter3,1,20,50.00,100000,0.5,200,32,90.27,140.11,0.0000
iter3,1,20,50.00,200000,0.5,200,32,152.03,232.48,0.0000
iter3,1,20,50.00,407040,0.5,200,32,294.90,422.11,0.0000
